<?xml version="1.0" encoding="UTF-8"?>
<test-suite>
    <machine-name>CGP</machine-name>
    <operation-under-test>simultaneous_opening_all_doors_right</operation-under-test>
    <partition-strategy>Equivalence Classes</partition-strategy>
    <combinatorial-criteria>Pairwise</combinatorial-criteria>
    <test-cases>
        <test-case>
            <id>1</id>
            <formula>internal_cab_emergency_sound_alarm_activated : BOOL &amp; internal_command_to_close_from_ATC : BOOL &amp; ((internal_train_stopped = FALSE &amp; internal_train_in_platform = TRUE &amp; internal_doors_closed_and_locked = TRUE &amp; some_mechanic_emergency_switch_actuated = TRUE) =&gt; (emergency_break_applied_by_switch = TRUE)) &amp; internal_train_mode : OPERATION_MODE &amp; ((internal_train_mode = ATO &amp; internal_cab_consol_open_button_pushed = TRUE &amp; internal_command_to_close_from_ATC = TRUE) =&gt; (conditions_to_close_satisfied = FALSE)) &amp; ((internal_train_stopped = FALSE &amp; internal_train_in_platform = TRUE &amp; internal_doors_closed_and_locked = TRUE &amp; some_mechanic_emergency_switch_actuated = TRUE) =&gt; (internal_control_mechanic_emergency_switch_actuation = TRUE)) &amp; conditions_to_close_satisfied : BOOL &amp; ((internal_train_stopped = TRUE &amp; internal_train_in_platform = TRUE &amp; internal_doors_closed_and_locked = TRUE &amp; some_mechanic_emergency_switch_actuated = TRUE) =&gt; (internal_authorize_emergency_switch_operation = TRUE)) &amp; ((internal_doors_closed_and_locked = TRUE) =&gt; (internal_cab_consol_signalization_doors_closed_and_locked = TRUE)) &amp; ((internal_doors_closed_and_locked = FALSE) =&gt; (internal_interlock_between_doors_and_traction_activated = TRUE)) &amp; ((internal_train_stopped = TRUE &amp; internal_train_in_platform = TRUE &amp; internal_doors_closed_and_locked = TRUE &amp; some_mechanic_emergency_switch_actuated = TRUE) =&gt; (internal_cab_emergency_sound_alarm_activated = TRUE)) &amp; some_mechanic_emergency_switch_actuated : BOOL &amp; internal_doors_closed_and_locked : BOOL &amp; ((internal_train_stopped = FALSE &amp; internal_train_in_platform = FALSE &amp; internal_doors_closed_and_locked = TRUE &amp; some_mechanic_emergency_switch_actuated = TRUE) =&gt; (internal_control_mechanic_emergency_switch_actuation = TRUE)) &amp; ((doors_right_open_simultaneously = TRUE or doors_left_open_simultaneously = TRUE) =&gt; (conditions_to_open_satisfied = TRUE)) &amp; doors_left_close_simultaneously : BOOL &amp; ((internal_train_mode = MCS or internal_train_mode = ATO &amp; internal_train_stopped = TRUE &amp; internal_train_lined_up = TRUE &amp; internal_train_in_platform = TRUE &amp; internal_speed_over_6km_h = FALSE) =&gt; (conditions_to_open_satisfied = TRUE)) &amp; internal_cab_consol_signalization_doors_closed_and_locked : BOOL &amp; internal_train_stopped : BOOL &amp; ((doors_right_close_simultaneously = TRUE or doors_left_close_simultaneously = TRUE) =&gt; (conditions_to_close_satisfied = TRUE)) &amp; ((internal_train_stopped = FALSE &amp; internal_train_in_platform = TRUE &amp; internal_doors_closed_and_locked = TRUE &amp; some_mechanic_emergency_switch_actuated = TRUE) =&gt; (internal_cab_emergency_sound_alarm_activated = TRUE)) &amp; not(internal_speed_over_6km_h = FALSE) &amp; emergency_break_applied_by_switch : BOOL &amp; ((internal_train_stopped = FALSE &amp; internal_train_in_platform = TRUE &amp; internal_doors_closed_and_locked = TRUE &amp; some_mechanic_emergency_switch_actuated = TRUE) =&gt; (internal_interlock_between_doors_and_traction_activated = TRUE)) &amp; internal_train_lined_up : BOOL &amp; ((internal_speed_over_6km_h = TRUE) =&gt; (doors_right_open_simultaneously = FALSE &amp; doors_left_open_simultaneously = FALSE)) &amp; internal_control_mechanic_emergency_switch_actuation : BOOL &amp; ((internal_train_mode = MAN &amp; internal_speed_over_6km_h = FALSE) =&gt; (conditions_to_open_satisfied = TRUE)) &amp; ((internal_train_stopped = FALSE &amp; internal_train_in_platform = FALSE &amp; internal_doors_closed_and_locked = TRUE &amp; some_mechanic_emergency_switch_actuated = TRUE) =&gt; (internal_cab_emergency_sound_alarm_activated = TRUE)) &amp; doors_right_close_simultaneously : BOOL &amp; not(conditions_to_open_satisfied = TRUE) &amp; ((internal_train_stopped = FALSE &amp; internal_train_in_platform = FALSE &amp; internal_doors_closed_and_locked = TRUE &amp; some_mechanic_emergency_switch_actuated = TRUE) =&gt; (internal_authorize_emergency_switch_operation = FALSE)) &amp; internal_train_in_platform : BOOL &amp; internal_authorize_emergency_switch_operation : BOOL &amp; ((internal_train_stopped = TRUE &amp; internal_train_in_platform = TRUE &amp; internal_doors_closed_and_locked = TRUE &amp; some_mechanic_emergency_switch_actuated = TRUE) =&gt; (internal_interlock_between_doors_and_traction_activated = TRUE)) &amp; conditions_to_open_satisfied : BOOL &amp; internal_interlock_between_doors_and_traction_activated : BOOL &amp; doors_right_open_simultaneously : BOOL &amp; ((internal_train_stopped = TRUE &amp; internal_train_in_platform = TRUE &amp; internal_doors_closed_and_locked = TRUE &amp; some_mechanic_emergency_switch_actuated = TRUE) =&gt; (internal_control_mechanic_emergency_switch_actuation = TRUE)) &amp; doors_left_open_simultaneously : BOOL &amp; internal_cab_consol_open_button_pushed : BOOL &amp; internal_speed_over_6km_h : BOOL</formula>
            <state-variables>
                <variable>
                    <identifier>internal_cab_side_close_button_pushed</identifier>
                    <values>
                        <value/>
                    </values>
                </variable>
                <variable>
                    <identifier>doors_left_close_simultaneously</identifier>
                    <values>
                        <value>TRUE</value>
                    </values>
                </variable>
                <variable>
                    <identifier>internal_speed_over_6km_h</identifier>
                    <values>
                        <value>TRUE</value>
                    </values>
                </variable>
                <variable>
                    <identifier>internal_authorize_emergency_switch_operation</identifier>
                    <values>
                        <value>TRUE</value>
                    </values>
                </variable>
                <variable>
                    <identifier>internal_doors_closed_and_locked</identifier>
                    <values>
                        <value>TRUE</value>
                    </values>
                </variable>
                <variable>
                    <identifier>internal_train_in_platform</identifier>
                    <values>
                        <value>TRUE</value>
                    </values>
                </variable>
                <variable>
                    <identifier>doors_right_close_simultaneously</identifier>
                    <values>
                        <value>TRUE</value>
                    </values>
                </variable>
                <variable>
                    <identifier>internal_control_door_emergency_switch_actuation</identifier>
                    <values>
                        <value/>
                    </values>
                </variable>
                <variable>
                    <identifier>internal_cab_consol_open_button_pushed</identifier>
                    <values>
                        <value>TRUE</value>
                    </values>
                </variable>
                <variable>
                    <identifier>doors_right_open_simultaneously</identifier>
                    <values>
                        <value>FALSE</value>
                    </values>
                </variable>
                <variable>
                    <identifier>opening_side</identifier>
                    <values>
                        <value/>
                    </values>
                </variable>
                <variable>
                    <identifier>closing_side</identifier>
                    <values>
                        <value/>
                    </values>
                </variable>
                <variable>
                    <identifier>internal_interlock_between_doors_and_traction_activated</identifier>
                    <values>
                        <value>TRUE</value>
                    </values>
                </variable>
                <variable>
                    <identifier>internal_control_mechanic_emergency_switch_actuation</identifier>
                    <values>
                        <value>TRUE</value>
                    </values>
                </variable>
                <variable>
                    <identifier>internal_cab_consol_close_button_pushed</identifier>
                    <values>
                        <value/>
                    </values>
                </variable>
                <variable>
                    <identifier>internal_train_stopped</identifier>
                    <values>
                        <value>TRUE</value>
                    </values>
                </variable>
                <variable>
                    <identifier>emergency_break_applied_by_switch</identifier>
                    <values>
                        <value>TRUE</value>
                    </values>
                </variable>
                <variable>
                    <identifier>internal_command_to_close_from_ATC</identifier>
                    <values>
                        <value>TRUE</value>
                    </values>
                </variable>
                <variable>
                    <identifier>some_mechanic_emergency_switch_actuated</identifier>
                    <values>
                        <value>TRUE</value>
                    </values>
                </variable>
                <variable>
                    <identifier>some_door_emergency_switch_actuated</identifier>
                    <values>
                        <value/>
                    </values>
                </variable>
                <variable>
                    <identifier>internal_cab_emergency_sound_alarm_activated</identifier>
                    <values>
                        <value>TRUE</value>
                    </values>
                </variable>
                <variable>
                    <identifier>internal_train_mode</identifier>
                    <values>
                        <value>MAN</value>
                    </values>
                </variable>
                <variable>
                    <identifier>doors_left_open_simultaneously</identifier>
                    <values>
                        <value>FALSE</value>
                    </values>
                </variable>
                <variable>
                    <identifier>internal_cab_consol_signalization_doors_closed_and_locked</identifier>
                    <values>
                        <value>TRUE</value>
                    </values>
                </variable>
                <variable>
                    <identifier>internal_command_to_open_from_ATC</identifier>
                    <values>
                        <value/>
                    </values>
                </variable>
                <variable>
                    <identifier>internal_train_lined_up</identifier>
                    <values>
                        <value>TRUE</value>
                    </values>
                </variable>
                <variable>
                    <identifier>conditions_to_close_satisfied</identifier>
                    <values>
                        <value>TRUE</value>
                    </values>
                </variable>
                <variable>
                    <identifier>internal_cab_side_open_button_pushed</identifier>
                    <values>
                        <value/>
                    </values>
                </variable>
                <variable>
                    <identifier>conditions_to_open_satisfied</identifier>
                    <values>
                        <value>FALSE</value>
                    </values>
                </variable>
            </state-variables>
            <operation-parameters/>
            <return-variables/>
        </test-case>
        <test-case>
            <id>2</id>
            <formula>internal_cab_emergency_sound_alarm_activated : BOOL &amp; internal_command_to_close_from_ATC : BOOL &amp; ((internal_train_stopped = FALSE &amp; internal_train_in_platform = TRUE &amp; internal_doors_closed_and_locked = TRUE &amp; some_mechanic_emergency_switch_actuated = TRUE) =&gt; (emergency_break_applied_by_switch = TRUE)) &amp; internal_train_mode : OPERATION_MODE &amp; ((internal_train_mode = ATO &amp; internal_cab_consol_open_button_pushed = TRUE &amp; internal_command_to_close_from_ATC = TRUE) =&gt; (conditions_to_close_satisfied = FALSE)) &amp; ((internal_train_stopped = FALSE &amp; internal_train_in_platform = TRUE &amp; internal_doors_closed_and_locked = TRUE &amp; some_mechanic_emergency_switch_actuated = TRUE) =&gt; (internal_control_mechanic_emergency_switch_actuation = TRUE)) &amp; conditions_to_close_satisfied : BOOL &amp; ((internal_train_stopped = TRUE &amp; internal_train_in_platform = TRUE &amp; internal_doors_closed_and_locked = TRUE &amp; some_mechanic_emergency_switch_actuated = TRUE) =&gt; (internal_authorize_emergency_switch_operation = TRUE)) &amp; ((internal_doors_closed_and_locked = TRUE) =&gt; (internal_cab_consol_signalization_doors_closed_and_locked = TRUE)) &amp; ((internal_doors_closed_and_locked = FALSE) =&gt; (internal_interlock_between_doors_and_traction_activated = TRUE)) &amp; ((internal_train_stopped = TRUE &amp; internal_train_in_platform = TRUE &amp; internal_doors_closed_and_locked = TRUE &amp; some_mechanic_emergency_switch_actuated = TRUE) =&gt; (internal_cab_emergency_sound_alarm_activated = TRUE)) &amp; some_mechanic_emergency_switch_actuated : BOOL &amp; internal_doors_closed_and_locked : BOOL &amp; ((internal_train_stopped = FALSE &amp; internal_train_in_platform = FALSE &amp; internal_doors_closed_and_locked = TRUE &amp; some_mechanic_emergency_switch_actuated = TRUE) =&gt; (internal_control_mechanic_emergency_switch_actuation = TRUE)) &amp; ((doors_right_open_simultaneously = TRUE or doors_left_open_simultaneously = TRUE) =&gt; (conditions_to_open_satisfied = TRUE)) &amp; doors_left_close_simultaneously : BOOL &amp; ((internal_train_mode = MCS or internal_train_mode = ATO &amp; internal_train_stopped = TRUE &amp; internal_train_lined_up = TRUE &amp; internal_train_in_platform = TRUE &amp; internal_speed_over_6km_h = FALSE) =&gt; (conditions_to_open_satisfied = TRUE)) &amp; internal_cab_consol_signalization_doors_closed_and_locked : BOOL &amp; internal_train_stopped : BOOL &amp; ((doors_right_close_simultaneously = TRUE or doors_left_close_simultaneously = TRUE) =&gt; (conditions_to_close_satisfied = TRUE)) &amp; ((internal_train_stopped = FALSE &amp; internal_train_in_platform = TRUE &amp; internal_doors_closed_and_locked = TRUE &amp; some_mechanic_emergency_switch_actuated = TRUE) =&gt; (internal_cab_emergency_sound_alarm_activated = TRUE)) &amp; not(internal_speed_over_6km_h = FALSE) &amp; emergency_break_applied_by_switch : BOOL &amp; ((internal_train_stopped = FALSE &amp; internal_train_in_platform = TRUE &amp; internal_doors_closed_and_locked = TRUE &amp; some_mechanic_emergency_switch_actuated = TRUE) =&gt; (internal_interlock_between_doors_and_traction_activated = TRUE)) &amp; internal_train_lined_up : BOOL &amp; ((internal_speed_over_6km_h = TRUE) =&gt; (doors_right_open_simultaneously = FALSE &amp; doors_left_open_simultaneously = FALSE)) &amp; internal_control_mechanic_emergency_switch_actuation : BOOL &amp; ((internal_train_mode = MAN &amp; internal_speed_over_6km_h = FALSE) =&gt; (conditions_to_open_satisfied = TRUE)) &amp; ((internal_train_stopped = FALSE &amp; internal_train_in_platform = FALSE &amp; internal_doors_closed_and_locked = TRUE &amp; some_mechanic_emergency_switch_actuated = TRUE) =&gt; (internal_cab_emergency_sound_alarm_activated = TRUE)) &amp; doors_right_close_simultaneously : BOOL &amp; conditions_to_open_satisfied = TRUE &amp; ((internal_train_stopped = FALSE &amp; internal_train_in_platform = FALSE &amp; internal_doors_closed_and_locked = TRUE &amp; some_mechanic_emergency_switch_actuated = TRUE) =&gt; (internal_authorize_emergency_switch_operation = FALSE)) &amp; internal_train_in_platform : BOOL &amp; internal_authorize_emergency_switch_operation : BOOL &amp; ((internal_train_stopped = TRUE &amp; internal_train_in_platform = TRUE &amp; internal_doors_closed_and_locked = TRUE &amp; some_mechanic_emergency_switch_actuated = TRUE) =&gt; (internal_interlock_between_doors_and_traction_activated = TRUE)) &amp; conditions_to_open_satisfied : BOOL &amp; internal_interlock_between_doors_and_traction_activated : BOOL &amp; doors_right_open_simultaneously : BOOL &amp; ((internal_train_stopped = TRUE &amp; internal_train_in_platform = TRUE &amp; internal_doors_closed_and_locked = TRUE &amp; some_mechanic_emergency_switch_actuated = TRUE) =&gt; (internal_control_mechanic_emergency_switch_actuation = TRUE)) &amp; doors_left_open_simultaneously : BOOL &amp; internal_cab_consol_open_button_pushed : BOOL &amp; internal_speed_over_6km_h : BOOL</formula>
            <state-variables>
                <variable>
                    <identifier>internal_cab_side_close_button_pushed</identifier>
                    <values>
                        <value/>
                    </values>
                </variable>
                <variable>
                    <identifier>doors_left_close_simultaneously</identifier>
                    <values>
                        <value>TRUE</value>
                    </values>
                </variable>
                <variable>
                    <identifier>internal_speed_over_6km_h</identifier>
                    <values>
                        <value>TRUE</value>
                    </values>
                </variable>
                <variable>
                    <identifier>internal_authorize_emergency_switch_operation</identifier>
                    <values>
                        <value>TRUE</value>
                    </values>
                </variable>
                <variable>
                    <identifier>internal_doors_closed_and_locked</identifier>
                    <values>
                        <value>TRUE</value>
                    </values>
                </variable>
                <variable>
                    <identifier>internal_train_in_platform</identifier>
                    <values>
                        <value>TRUE</value>
                    </values>
                </variable>
                <variable>
                    <identifier>doors_right_close_simultaneously</identifier>
                    <values>
                        <value>TRUE</value>
                    </values>
                </variable>
                <variable>
                    <identifier>internal_control_door_emergency_switch_actuation</identifier>
                    <values>
                        <value/>
                    </values>
                </variable>
                <variable>
                    <identifier>internal_cab_consol_open_button_pushed</identifier>
                    <values>
                        <value>TRUE</value>
                    </values>
                </variable>
                <variable>
                    <identifier>doors_right_open_simultaneously</identifier>
                    <values>
                        <value>FALSE</value>
                    </values>
                </variable>
                <variable>
                    <identifier>opening_side</identifier>
                    <values>
                        <value/>
                    </values>
                </variable>
                <variable>
                    <identifier>closing_side</identifier>
                    <values>
                        <value/>
                    </values>
                </variable>
                <variable>
                    <identifier>internal_interlock_between_doors_and_traction_activated</identifier>
                    <values>
                        <value>TRUE</value>
                    </values>
                </variable>
                <variable>
                    <identifier>internal_control_mechanic_emergency_switch_actuation</identifier>
                    <values>
                        <value>TRUE</value>
                    </values>
                </variable>
                <variable>
                    <identifier>internal_cab_consol_close_button_pushed</identifier>
                    <values>
                        <value/>
                    </values>
                </variable>
                <variable>
                    <identifier>internal_train_stopped</identifier>
                    <values>
                        <value>TRUE</value>
                    </values>
                </variable>
                <variable>
                    <identifier>emergency_break_applied_by_switch</identifier>
                    <values>
                        <value>TRUE</value>
                    </values>
                </variable>
                <variable>
                    <identifier>internal_command_to_close_from_ATC</identifier>
                    <values>
                        <value>TRUE</value>
                    </values>
                </variable>
                <variable>
                    <identifier>some_mechanic_emergency_switch_actuated</identifier>
                    <values>
                        <value>TRUE</value>
                    </values>
                </variable>
                <variable>
                    <identifier>some_door_emergency_switch_actuated</identifier>
                    <values>
                        <value/>
                    </values>
                </variable>
                <variable>
                    <identifier>internal_cab_emergency_sound_alarm_activated</identifier>
                    <values>
                        <value>TRUE</value>
                    </values>
                </variable>
                <variable>
                    <identifier>internal_train_mode</identifier>
                    <values>
                        <value>MAN</value>
                    </values>
                </variable>
                <variable>
                    <identifier>doors_left_open_simultaneously</identifier>
                    <values>
                        <value>FALSE</value>
                    </values>
                </variable>
                <variable>
                    <identifier>internal_cab_consol_signalization_doors_closed_and_locked</identifier>
                    <values>
                        <value>TRUE</value>
                    </values>
                </variable>
                <variable>
                    <identifier>internal_command_to_open_from_ATC</identifier>
                    <values>
                        <value/>
                    </values>
                </variable>
                <variable>
                    <identifier>internal_train_lined_up</identifier>
                    <values>
                        <value>TRUE</value>
                    </values>
                </variable>
                <variable>
                    <identifier>conditions_to_close_satisfied</identifier>
                    <values>
                        <value>TRUE</value>
                    </values>
                </variable>
                <variable>
                    <identifier>internal_cab_side_open_button_pushed</identifier>
                    <values>
                        <value/>
                    </values>
                </variable>
                <variable>
                    <identifier>conditions_to_open_satisfied</identifier>
                    <values>
                        <value>TRUE</value>
                    </values>
                </variable>
            </state-variables>
            <operation-parameters/>
            <return-variables/>
        </test-case>
        <test-case>
            <id>3</id>
            <formula>internal_cab_emergency_sound_alarm_activated : BOOL &amp; internal_command_to_close_from_ATC : BOOL &amp; ((internal_train_stopped = FALSE &amp; internal_train_in_platform = TRUE &amp; internal_doors_closed_and_locked = TRUE &amp; some_mechanic_emergency_switch_actuated = TRUE) =&gt; (emergency_break_applied_by_switch = TRUE)) &amp; internal_train_mode : OPERATION_MODE &amp; ((internal_train_mode = ATO &amp; internal_cab_consol_open_button_pushed = TRUE &amp; internal_command_to_close_from_ATC = TRUE) =&gt; (conditions_to_close_satisfied = FALSE)) &amp; ((internal_train_stopped = FALSE &amp; internal_train_in_platform = TRUE &amp; internal_doors_closed_and_locked = TRUE &amp; some_mechanic_emergency_switch_actuated = TRUE) =&gt; (internal_control_mechanic_emergency_switch_actuation = TRUE)) &amp; conditions_to_close_satisfied : BOOL &amp; ((internal_train_stopped = TRUE &amp; internal_train_in_platform = TRUE &amp; internal_doors_closed_and_locked = TRUE &amp; some_mechanic_emergency_switch_actuated = TRUE) =&gt; (internal_authorize_emergency_switch_operation = TRUE)) &amp; ((internal_doors_closed_and_locked = TRUE) =&gt; (internal_cab_consol_signalization_doors_closed_and_locked = TRUE)) &amp; ((internal_doors_closed_and_locked = FALSE) =&gt; (internal_interlock_between_doors_and_traction_activated = TRUE)) &amp; ((internal_train_stopped = TRUE &amp; internal_train_in_platform = TRUE &amp; internal_doors_closed_and_locked = TRUE &amp; some_mechanic_emergency_switch_actuated = TRUE) =&gt; (internal_cab_emergency_sound_alarm_activated = TRUE)) &amp; some_mechanic_emergency_switch_actuated : BOOL &amp; internal_doors_closed_and_locked : BOOL &amp; ((internal_train_stopped = FALSE &amp; internal_train_in_platform = FALSE &amp; internal_doors_closed_and_locked = TRUE &amp; some_mechanic_emergency_switch_actuated = TRUE) =&gt; (internal_control_mechanic_emergency_switch_actuation = TRUE)) &amp; ((doors_right_open_simultaneously = TRUE or doors_left_open_simultaneously = TRUE) =&gt; (conditions_to_open_satisfied = TRUE)) &amp; doors_left_close_simultaneously : BOOL &amp; ((internal_train_mode = MCS or internal_train_mode = ATO &amp; internal_train_stopped = TRUE &amp; internal_train_lined_up = TRUE &amp; internal_train_in_platform = TRUE &amp; internal_speed_over_6km_h = FALSE) =&gt; (conditions_to_open_satisfied = TRUE)) &amp; internal_cab_consol_signalization_doors_closed_and_locked : BOOL &amp; internal_train_stopped : BOOL &amp; ((doors_right_close_simultaneously = TRUE or doors_left_close_simultaneously = TRUE) =&gt; (conditions_to_close_satisfied = TRUE)) &amp; ((internal_train_stopped = FALSE &amp; internal_train_in_platform = TRUE &amp; internal_doors_closed_and_locked = TRUE &amp; some_mechanic_emergency_switch_actuated = TRUE) =&gt; (internal_cab_emergency_sound_alarm_activated = TRUE)) &amp; internal_speed_over_6km_h = FALSE &amp; emergency_break_applied_by_switch : BOOL &amp; ((internal_train_stopped = FALSE &amp; internal_train_in_platform = TRUE &amp; internal_doors_closed_and_locked = TRUE &amp; some_mechanic_emergency_switch_actuated = TRUE) =&gt; (internal_interlock_between_doors_and_traction_activated = TRUE)) &amp; internal_train_lined_up : BOOL &amp; ((internal_speed_over_6km_h = TRUE) =&gt; (doors_right_open_simultaneously = FALSE &amp; doors_left_open_simultaneously = FALSE)) &amp; internal_control_mechanic_emergency_switch_actuation : BOOL &amp; ((internal_train_mode = MAN &amp; internal_speed_over_6km_h = FALSE) =&gt; (conditions_to_open_satisfied = TRUE)) &amp; ((internal_train_stopped = FALSE &amp; internal_train_in_platform = FALSE &amp; internal_doors_closed_and_locked = TRUE &amp; some_mechanic_emergency_switch_actuated = TRUE) =&gt; (internal_cab_emergency_sound_alarm_activated = TRUE)) &amp; doors_right_close_simultaneously : BOOL &amp; not(conditions_to_open_satisfied = TRUE) &amp; ((internal_train_stopped = FALSE &amp; internal_train_in_platform = FALSE &amp; internal_doors_closed_and_locked = TRUE &amp; some_mechanic_emergency_switch_actuated = TRUE) =&gt; (internal_authorize_emergency_switch_operation = FALSE)) &amp; internal_train_in_platform : BOOL &amp; internal_authorize_emergency_switch_operation : BOOL &amp; ((internal_train_stopped = TRUE &amp; internal_train_in_platform = TRUE &amp; internal_doors_closed_and_locked = TRUE &amp; some_mechanic_emergency_switch_actuated = TRUE) =&gt; (internal_interlock_between_doors_and_traction_activated = TRUE)) &amp; conditions_to_open_satisfied : BOOL &amp; internal_interlock_between_doors_and_traction_activated : BOOL &amp; doors_right_open_simultaneously : BOOL &amp; ((internal_train_stopped = TRUE &amp; internal_train_in_platform = TRUE &amp; internal_doors_closed_and_locked = TRUE &amp; some_mechanic_emergency_switch_actuated = TRUE) =&gt; (internal_control_mechanic_emergency_switch_actuation = TRUE)) &amp; doors_left_open_simultaneously : BOOL &amp; internal_cab_consol_open_button_pushed : BOOL &amp; internal_speed_over_6km_h : BOOL</formula>
            <state-variables>
                <variable>
                    <identifier>internal_cab_side_close_button_pushed</identifier>
                    <values>
                        <value/>
                    </values>
                </variable>
                <variable>
                    <identifier>doors_left_close_simultaneously</identifier>
                    <values>
                        <value>TRUE</value>
                    </values>
                </variable>
                <variable>
                    <identifier>internal_speed_over_6km_h</identifier>
                    <values>
                        <value>FALSE</value>
                    </values>
                </variable>
                <variable>
                    <identifier>internal_authorize_emergency_switch_operation</identifier>
                    <values>
                        <value>TRUE</value>
                    </values>
                </variable>
                <variable>
                    <identifier>internal_doors_closed_and_locked</identifier>
                    <values>
                        <value>TRUE</value>
                    </values>
                </variable>
                <variable>
                    <identifier>internal_train_in_platform</identifier>
                    <values>
                        <value>TRUE</value>
                    </values>
                </variable>
                <variable>
                    <identifier>doors_right_close_simultaneously</identifier>
                    <values>
                        <value>TRUE</value>
                    </values>
                </variable>
                <variable>
                    <identifier>internal_control_door_emergency_switch_actuation</identifier>
                    <values>
                        <value/>
                    </values>
                </variable>
                <variable>
                    <identifier>internal_cab_consol_open_button_pushed</identifier>
                    <values>
                        <value>TRUE</value>
                    </values>
                </variable>
                <variable>
                    <identifier>doors_right_open_simultaneously</identifier>
                    <values>
                        <value>FALSE</value>
                    </values>
                </variable>
                <variable>
                    <identifier>opening_side</identifier>
                    <values>
                        <value/>
                    </values>
                </variable>
                <variable>
                    <identifier>closing_side</identifier>
                    <values>
                        <value/>
                    </values>
                </variable>
                <variable>
                    <identifier>internal_interlock_between_doors_and_traction_activated</identifier>
                    <values>
                        <value>TRUE</value>
                    </values>
                </variable>
                <variable>
                    <identifier>internal_control_mechanic_emergency_switch_actuation</identifier>
                    <values>
                        <value>TRUE</value>
                    </values>
                </variable>
                <variable>
                    <identifier>internal_cab_consol_close_button_pushed</identifier>
                    <values>
                        <value/>
                    </values>
                </variable>
                <variable>
                    <identifier>internal_train_stopped</identifier>
                    <values>
                        <value>TRUE</value>
                    </values>
                </variable>
                <variable>
                    <identifier>emergency_break_applied_by_switch</identifier>
                    <values>
                        <value>TRUE</value>
                    </values>
                </variable>
                <variable>
                    <identifier>internal_command_to_close_from_ATC</identifier>
                    <values>
                        <value>TRUE</value>
                    </values>
                </variable>
                <variable>
                    <identifier>some_mechanic_emergency_switch_actuated</identifier>
                    <values>
                        <value>TRUE</value>
                    </values>
                </variable>
                <variable>
                    <identifier>some_door_emergency_switch_actuated</identifier>
                    <values>
                        <value/>
                    </values>
                </variable>
                <variable>
                    <identifier>internal_cab_emergency_sound_alarm_activated</identifier>
                    <values>
                        <value>TRUE</value>
                    </values>
                </variable>
                <variable>
                    <identifier>internal_train_mode</identifier>
                    <values>
                        <value>NO_MODE</value>
                    </values>
                </variable>
                <variable>
                    <identifier>doors_left_open_simultaneously</identifier>
                    <values>
                        <value>FALSE</value>
                    </values>
                </variable>
                <variable>
                    <identifier>internal_cab_consol_signalization_doors_closed_and_locked</identifier>
                    <values>
                        <value>TRUE</value>
                    </values>
                </variable>
                <variable>
                    <identifier>internal_command_to_open_from_ATC</identifier>
                    <values>
                        <value/>
                    </values>
                </variable>
                <variable>
                    <identifier>internal_train_lined_up</identifier>
                    <values>
                        <value>TRUE</value>
                    </values>
                </variable>
                <variable>
                    <identifier>conditions_to_close_satisfied</identifier>
                    <values>
                        <value>TRUE</value>
                    </values>
                </variable>
                <variable>
                    <identifier>internal_cab_side_open_button_pushed</identifier>
                    <values>
                        <value/>
                    </values>
                </variable>
                <variable>
                    <identifier>conditions_to_open_satisfied</identifier>
                    <values>
                        <value>FALSE</value>
                    </values>
                </variable>
            </state-variables>
            <operation-parameters/>
            <return-variables/>
        </test-case>
        <test-case>
            <id>4</id>
            <formula>internal_cab_emergency_sound_alarm_activated : BOOL &amp; internal_command_to_close_from_ATC : BOOL &amp; ((internal_train_stopped = FALSE &amp; internal_train_in_platform = TRUE &amp; internal_doors_closed_and_locked = TRUE &amp; some_mechanic_emergency_switch_actuated = TRUE) =&gt; (emergency_break_applied_by_switch = TRUE)) &amp; internal_train_mode : OPERATION_MODE &amp; ((internal_train_mode = ATO &amp; internal_cab_consol_open_button_pushed = TRUE &amp; internal_command_to_close_from_ATC = TRUE) =&gt; (conditions_to_close_satisfied = FALSE)) &amp; ((internal_train_stopped = FALSE &amp; internal_train_in_platform = TRUE &amp; internal_doors_closed_and_locked = TRUE &amp; some_mechanic_emergency_switch_actuated = TRUE) =&gt; (internal_control_mechanic_emergency_switch_actuation = TRUE)) &amp; conditions_to_close_satisfied : BOOL &amp; ((internal_train_stopped = TRUE &amp; internal_train_in_platform = TRUE &amp; internal_doors_closed_and_locked = TRUE &amp; some_mechanic_emergency_switch_actuated = TRUE) =&gt; (internal_authorize_emergency_switch_operation = TRUE)) &amp; ((internal_doors_closed_and_locked = TRUE) =&gt; (internal_cab_consol_signalization_doors_closed_and_locked = TRUE)) &amp; ((internal_doors_closed_and_locked = FALSE) =&gt; (internal_interlock_between_doors_and_traction_activated = TRUE)) &amp; ((internal_train_stopped = TRUE &amp; internal_train_in_platform = TRUE &amp; internal_doors_closed_and_locked = TRUE &amp; some_mechanic_emergency_switch_actuated = TRUE) =&gt; (internal_cab_emergency_sound_alarm_activated = TRUE)) &amp; some_mechanic_emergency_switch_actuated : BOOL &amp; internal_doors_closed_and_locked : BOOL &amp; ((internal_train_stopped = FALSE &amp; internal_train_in_platform = FALSE &amp; internal_doors_closed_and_locked = TRUE &amp; some_mechanic_emergency_switch_actuated = TRUE) =&gt; (internal_control_mechanic_emergency_switch_actuation = TRUE)) &amp; ((doors_right_open_simultaneously = TRUE or doors_left_open_simultaneously = TRUE) =&gt; (conditions_to_open_satisfied = TRUE)) &amp; doors_left_close_simultaneously : BOOL &amp; ((internal_train_mode = MCS or internal_train_mode = ATO &amp; internal_train_stopped = TRUE &amp; internal_train_lined_up = TRUE &amp; internal_train_in_platform = TRUE &amp; internal_speed_over_6km_h = FALSE) =&gt; (conditions_to_open_satisfied = TRUE)) &amp; internal_cab_consol_signalization_doors_closed_and_locked : BOOL &amp; internal_train_stopped : BOOL &amp; ((doors_right_close_simultaneously = TRUE or doors_left_close_simultaneously = TRUE) =&gt; (conditions_to_close_satisfied = TRUE)) &amp; ((internal_train_stopped = FALSE &amp; internal_train_in_platform = TRUE &amp; internal_doors_closed_and_locked = TRUE &amp; some_mechanic_emergency_switch_actuated = TRUE) =&gt; (internal_cab_emergency_sound_alarm_activated = TRUE)) &amp; internal_speed_over_6km_h = FALSE &amp; emergency_break_applied_by_switch : BOOL &amp; ((internal_train_stopped = FALSE &amp; internal_train_in_platform = TRUE &amp; internal_doors_closed_and_locked = TRUE &amp; some_mechanic_emergency_switch_actuated = TRUE) =&gt; (internal_interlock_between_doors_and_traction_activated = TRUE)) &amp; internal_train_lined_up : BOOL &amp; ((internal_speed_over_6km_h = TRUE) =&gt; (doors_right_open_simultaneously = FALSE &amp; doors_left_open_simultaneously = FALSE)) &amp; internal_control_mechanic_emergency_switch_actuation : BOOL &amp; ((internal_train_mode = MAN &amp; internal_speed_over_6km_h = FALSE) =&gt; (conditions_to_open_satisfied = TRUE)) &amp; ((internal_train_stopped = FALSE &amp; internal_train_in_platform = FALSE &amp; internal_doors_closed_and_locked = TRUE &amp; some_mechanic_emergency_switch_actuated = TRUE) =&gt; (internal_cab_emergency_sound_alarm_activated = TRUE)) &amp; doors_right_close_simultaneously : BOOL &amp; conditions_to_open_satisfied = TRUE &amp; ((internal_train_stopped = FALSE &amp; internal_train_in_platform = FALSE &amp; internal_doors_closed_and_locked = TRUE &amp; some_mechanic_emergency_switch_actuated = TRUE) =&gt; (internal_authorize_emergency_switch_operation = FALSE)) &amp; internal_train_in_platform : BOOL &amp; internal_authorize_emergency_switch_operation : BOOL &amp; ((internal_train_stopped = TRUE &amp; internal_train_in_platform = TRUE &amp; internal_doors_closed_and_locked = TRUE &amp; some_mechanic_emergency_switch_actuated = TRUE) =&gt; (internal_interlock_between_doors_and_traction_activated = TRUE)) &amp; conditions_to_open_satisfied : BOOL &amp; internal_interlock_between_doors_and_traction_activated : BOOL &amp; doors_right_open_simultaneously : BOOL &amp; ((internal_train_stopped = TRUE &amp; internal_train_in_platform = TRUE &amp; internal_doors_closed_and_locked = TRUE &amp; some_mechanic_emergency_switch_actuated = TRUE) =&gt; (internal_control_mechanic_emergency_switch_actuation = TRUE)) &amp; doors_left_open_simultaneously : BOOL &amp; internal_cab_consol_open_button_pushed : BOOL &amp; internal_speed_over_6km_h : BOOL</formula>
            <state-variables>
                <variable>
                    <identifier>internal_cab_side_close_button_pushed</identifier>
                    <values>
                        <value/>
                    </values>
                </variable>
                <variable>
                    <identifier>doors_left_close_simultaneously</identifier>
                    <values>
                        <value>TRUE</value>
                    </values>
                </variable>
                <variable>
                    <identifier>internal_speed_over_6km_h</identifier>
                    <values>
                        <value>FALSE</value>
                    </values>
                </variable>
                <variable>
                    <identifier>internal_authorize_emergency_switch_operation</identifier>
                    <values>
                        <value>TRUE</value>
                    </values>
                </variable>
                <variable>
                    <identifier>internal_doors_closed_and_locked</identifier>
                    <values>
                        <value>TRUE</value>
                    </values>
                </variable>
                <variable>
                    <identifier>internal_train_in_platform</identifier>
                    <values>
                        <value>TRUE</value>
                    </values>
                </variable>
                <variable>
                    <identifier>doors_right_close_simultaneously</identifier>
                    <values>
                        <value>TRUE</value>
                    </values>
                </variable>
                <variable>
                    <identifier>internal_control_door_emergency_switch_actuation</identifier>
                    <values>
                        <value/>
                    </values>
                </variable>
                <variable>
                    <identifier>internal_cab_consol_open_button_pushed</identifier>
                    <values>
                        <value>TRUE</value>
                    </values>
                </variable>
                <variable>
                    <identifier>doors_right_open_simultaneously</identifier>
                    <values>
                        <value>TRUE</value>
                    </values>
                </variable>
                <variable>
                    <identifier>opening_side</identifier>
                    <values>
                        <value/>
                    </values>
                </variable>
                <variable>
                    <identifier>closing_side</identifier>
                    <values>
                        <value/>
                    </values>
                </variable>
                <variable>
                    <identifier>internal_interlock_between_doors_and_traction_activated</identifier>
                    <values>
                        <value>TRUE</value>
                    </values>
                </variable>
                <variable>
                    <identifier>internal_control_mechanic_emergency_switch_actuation</identifier>
                    <values>
                        <value>TRUE</value>
                    </values>
                </variable>
                <variable>
                    <identifier>internal_cab_consol_close_button_pushed</identifier>
                    <values>
                        <value/>
                    </values>
                </variable>
                <variable>
                    <identifier>internal_train_stopped</identifier>
                    <values>
                        <value>TRUE</value>
                    </values>
                </variable>
                <variable>
                    <identifier>emergency_break_applied_by_switch</identifier>
                    <values>
                        <value>TRUE</value>
                    </values>
                </variable>
                <variable>
                    <identifier>internal_command_to_close_from_ATC</identifier>
                    <values>
                        <value>TRUE</value>
                    </values>
                </variable>
                <variable>
                    <identifier>some_mechanic_emergency_switch_actuated</identifier>
                    <values>
                        <value>TRUE</value>
                    </values>
                </variable>
                <variable>
                    <identifier>some_door_emergency_switch_actuated</identifier>
                    <values>
                        <value/>
                    </values>
                </variable>
                <variable>
                    <identifier>internal_cab_emergency_sound_alarm_activated</identifier>
                    <values>
                        <value>TRUE</value>
                    </values>
                </variable>
                <variable>
                    <identifier>internal_train_mode</identifier>
                    <values>
                        <value>MAN</value>
                    </values>
                </variable>
                <variable>
                    <identifier>doors_left_open_simultaneously</identifier>
                    <values>
                        <value>TRUE</value>
                    </values>
                </variable>
                <variable>
                    <identifier>internal_cab_consol_signalization_doors_closed_and_locked</identifier>
                    <values>
                        <value>TRUE</value>
                    </values>
                </variable>
                <variable>
                    <identifier>internal_command_to_open_from_ATC</identifier>
                    <values>
                        <value/>
                    </values>
                </variable>
                <variable>
                    <identifier>internal_train_lined_up</identifier>
                    <values>
                        <value>TRUE</value>
                    </values>
                </variable>
                <variable>
                    <identifier>conditions_to_close_satisfied</identifier>
                    <values>
                        <value>TRUE</value>
                    </values>
                </variable>
                <variable>
                    <identifier>internal_cab_side_open_button_pushed</identifier>
                    <values>
                        <value/>
                    </values>
                </variable>
                <variable>
                    <identifier>conditions_to_open_satisfied</identifier>
                    <values>
                        <value>TRUE</value>
                    </values>
                </variable>
            </state-variables>
            <operation-parameters/>
            <return-variables/>
        </test-case>
    </test-cases>
</test-suite>
